,Avg_Monthly,Daily_Avg,Peak_Hour
DANAU SUNTER,15474.333333333334,515.8111111111111,77.37166666666667
JEMBATAN ITEM,12823.25,427.44166666666666,64.11625
TANAH TINGGI,7237.166666666667,241.2388888888889,36.185833333333335
KEMAYORAN,6559.5,218.65,32.7975
PRJ,4102.4,136.74666666666664,20.511999999999997
