Scenario,headway,fleet_size,total_fleet,utilization,daily_cost,hourly_capacity,fuel_liters
Current,10,11.0,13.2,890.1280220826196,20000640.0,525.3,844.8
Optimal,3,34.0,40.8,267.03840662478586,61820160.0,1751.0,2611.2
Balanced,7,15.0,18.0,623.0896154578338,27273600.0,750.4285714285713,1152.0
Frequent,5,21.0,25.2,445.0640110413098,38183040.0,1050.6,1612.8
Cost_Efficient,12,9.0,10.799999999999999,1068.1536264991435,16364160.0,437.75,691.1999999999999
