Scenario,headway,fleet_size,total_fleet,utilization,daily_cost,hourly_capacity,fuel_liters
Current,10,10.0,12.0,828.8354273748334,17921280.0,525.3,729.6
Optimal,3,31.0,37.199999999999996,248.65062821245002,55555967.999999985,1751.0,2261.7599999999998
Balanced,7,14.0,16.8,580.1847991623835,25089792.0,750.4285714285713,1021.4400000000002
Frequent,5,19.0,22.8,414.4177136874167,34050432.0,1050.6,1386.2400000000002
Cost_Efficient,12,8.0,9.6,994.6025128498001,14337024.0,437.75,583.6800000000001
