Scenario,headway,fleet_size,total_fleet,utilization,daily_cost,hourly_capacity,fuel_liters
Current,10,12.0,14.399999999999999,838.4608794974301,24057051.428571425,525.3,1250.742857142857
Optimal,3,39.0,46.8,251.53826384922903,78185417.14285713,1751.0,4064.9142857142856
Balanced,7,17.0,20.4,586.9226156482011,34080822.85714286,750.4285714285713,1771.8857142857144
Frequent,5,23.0,27.599999999999998,419.23043974871507,46109348.57142857,1050.6,2397.2571428571428
Cost_Efficient,12,10.0,12.0,1006.1530553969161,20047542.85714286,437.75,1042.2857142857142
