,JANUARI,FEBRUARI,MARET,APRIL,MEI,JUNI,JULI,AGUSTUS,SEPTEMBER,OKTOBER,NOVEMBER,DESEMBER,Avg_Monthly,Peak_Month,Daily_Avg,Peak_Hour
TANAH TINGGI,3380.0,4526.0,4979.0,5231.0,6778.0,7107.0,7967.0,8476,8700,10201,9604,9897,7237.166666666667,10201.0,241.2388888888889,36.185833333333335
KEMAYORAN,2831.0,4071.0,4783.0,4437.0,5810.0,5950.0,7300.0,7800,7506,9215,9509,9502,6559.5,9509.0,218.65,32.7975
DANAU SUNTER,12200.0,13166.0,12656.0,10997.0,14352.0,14411.0,17131.0,17509,16891,19182,18573,18624,15474.333333333334,19182.0,515.8111111111111,77.37166666666667
JEMBATAN ITEM,9579.0,9205.0,10179.0,9716.0,11877.0,12201.0,13502.0,14301,14381,16256,15414,17268,12823.25,17268.0,427.44166666666666,64.11625
PRJ,,,,,,,,931,3034,2348,4117,10082,4102.4,10082.0,136.74666666666664,20.511999999999997
